{"cameraMode":{"drawMode":0,"name":"Shaded","section":"Shading Mode"},"sceneLighting":false,"audioPlay":false,"sceneViewState":{"showFog":true,"showMaterialUpdate":false,"showSkybox":false,"showFlares":true,"showImageEffects":true,"showParticleSystems":true},"in2DMode":false,"pivot":{"x":0.7953341007232666,"y":-0.01575911045074463,"z":5.000784873962402},"rotation":{"x":-0.3932968080043793,"y":0.11954858899116516,"z":-0.052848439663648608,"w":-0.9102332592010498},"size":38.87541198730469,"orthographic":false}